web-scraper-order	web-scraper-start-url	title	image-src	link	iframe url
1744867939-1	https://www.crazygames.com/c/clicker/5?sorting=default	Falling Fruits	https://imgs.crazygames.com/falling-fruits/20210913105405/falling-fruits-cover?metadata=none&quality=85&width=273&fit=crop	Falling Fruits	https://games.crazygames.com/en_US/falling-fruits/index.html
1744867939-2	https://www.crazygames.com/c/clicker/5?sorting=default	Chipuzik's Evolution	https://imgs.crazygames.com/chipuzik-s-evolution/20220318105337/chipuzik-s-evolution-cover?metadata=none&quality=85&width=273&fit=crop	Chipuzik's Evolution	https://games.crazygames.com/en_US/chipuzik-s-evolution/index.html
1744867939-3	https://www.crazygames.com/c/clicker/5?sorting=default	Painter's Voyage Idle	https://imgs.crazygames.com/painter-s-voyage-idle/20211221124119/painter-s-voyage-idle-cover?metadata=none&quality=85&width=273&fit=crop	Painter's Voyage Idle	https://games.crazygames.com/en_US/painter-s-voyage-idle/index.html
1744867939-4	https://www.crazygames.com/c/clicker/5?sorting=default	Magic Chop Idle	https://imgs.crazygames.com/magic-chop-idle/20200908142048/magic-chop-idle-cover?metadata=none&quality=85&width=273&fit=crop	Magic Chop Idle	https://games.crazygames.com/en_US/magic-chop-idle/index.html
1744867939-5	https://www.crazygames.com/c/clicker/5?sorting=default	My Sugar Factory 2	https://imgs.crazygames.com/my-sugar-factory-2/20210107065720/my-sugar-factory-2-cover?metadata=none&quality=85&width=273&fit=crop	My Sugar Factory 2	https://games.crazygames.com/en_US/my-sugar-factory-2/index.html
1744867939-6	https://www.crazygames.com/c/clicker/5?sorting=default	Incremental Epic Hero	https://imgs.crazygames.com/games/incremental-epic-hero/cover-1614767386141.png?metadata=none&quality=85&width=273&fit=crop	Incremental Epic Hero	https://games.crazygames.com/en_US/incremental-epic-hero/index.html
1744867939-7	https://www.crazygames.com/c/clicker/5?sorting=default	Slime Farm Remake	https://imgs.crazygames.com/slime-farm-remake/20211216092849/slime-farm-remake-cover?metadata=none&quality=85&width=273&fit=crop	Slime Farm Remake	https://games.crazygames.com/en_US/slime-farm-remake/index.html
1744867939-8	https://www.crazygames.com/c/clicker/5?sorting=default	Cupcake Clicker	https://imgs.crazygames.com/cupcake-clicker/20220113095831/cupcake-clicker-cover?metadata=none&quality=85&width=273&fit=crop	Cupcake Clicker	https://games.crazygames.com/en_US/cupcake-clicker/index.html
1744867939-9	https://www.crazygames.com/c/clicker/5?sorting=default	Haste-Miner	https://imgs.crazygames.com/haste-miner/20220224100130/haste-miner-cover?metadata=none&quality=85&width=273&fit=crop	Haste-Miner	https://games.crazygames.com/en_US/haste-miner/index.html
1744867939-10	https://www.crazygames.com/c/clicker/5?sorting=default	Planet Miner FRVR	https://imgs.crazygames.com/games/planet-miner-frvr/cover-1621849854660.png?metadata=none&quality=85&width=273&fit=crop	Planet Miner FRVR	https://games.crazygames.com/en_US/planet-miner-frvr/index.html
1744867939-11	https://www.crazygames.com/c/clicker/5?sorting=default	Doggo Clicker	https://imgs.crazygames.com/doggo-clicker/20210805153736/doggo-clicker-cover?metadata=none&quality=85&width=273&fit=crop	Doggo Clicker	https://games.crazygames.com/en_US/doggo-clicker/index.html
1744867939-12	https://www.crazygames.com/c/clicker/5?sorting=default	Idle Miner	https://imgs.crazygames.com/idle-miner/20211023070302/idle-miner-cover?metadata=none&quality=85&width=273&fit=crop	Idle Miner	https://games.crazygames.com/en_US/idle-miner/index.html
1744867939-13	https://www.crazygames.com/c/clicker/5?sorting=default	Idle Pinball Breakout	https://imgs.crazygames.com/idle-pinball-breakout/20210105102537/idle-pinball-breakout-cover?metadata=none&quality=85&width=273&fit=crop	Idle Pinball Breakout	https://games.crazygames.com/en_US/idle-pinball-breakout/index.html
1744867939-14	https://www.crazygames.com/c/clicker/5?sorting=default	Colorful City of Cards	https://imgs.crazygames.com/colorful-city-of-cards/20210415163933/colorful-city-of-cards-cover?metadata=none&quality=85&width=273&fit=crop	Colorful City of Cards	https://games.crazygames.com/en_US/colorful-city-of-cards/index.html
1744867939-15	https://www.crazygames.com/c/clicker/5?sorting=default	Monster Impact	https://imgs.crazygames.com/games/monster-impact/cover-1621613153094.png?metadata=none&quality=85&width=273&fit=crop	Monster Impact	https://games.crazygames.com/en_US/monster-impact/index.html
1744867939-16	https://www.crazygames.com/c/clicker/5?sorting=default	My Sugar Factory	https://imgs.crazygames.com/my-sugar-factory/20200909064837/my-sugar-factory-cover?metadata=none&quality=85&width=273&fit=crop	My Sugar Factory	https://games.crazygames.com/en_US/my-sugar-factory/index.html
1744867939-17	https://www.crazygames.com/c/clicker/5?sorting=default	Merge Pickaxe 2	https://imgs.crazygames.com/merge-pickaxe-2/20210201110019/merge-pickaxe-2-cover?metadata=none&quality=85&width=273&fit=crop	Merge Pickaxe 2	https://games.crazygames.com/en_US/merge-pickaxe-2/index.html
1744867939-18	https://www.crazygames.com/c/clicker/5?sorting=default	Weapon Tester	https://imgs.crazygames.com/weapon-tester/20211111173516/weapon-tester-cover?metadata=none&quality=85&width=273&fit=crop	Weapon Tester	https://games.crazygames.com/en_US/weapon-tester/index.html
1744867939-19	https://www.crazygames.com/c/clicker/5?sorting=default	Mining in Notebook 2	https://imgs.crazygames.com/mining-in-notebook-2/20210202154603/mining-in-notebook-2-cover?metadata=none&quality=85&width=273&fit=crop	Mining in Notebook 2	https://games.crazygames.com/en_US/mining-in-notebook-2/index.html
1744867939-20	https://www.crazygames.com/c/clicker/5?sorting=default	Cyber Farm	https://imgs.crazygames.com/cyber-farm/20210618080819/cyber-farm-cover?metadata=none&quality=85&width=273&fit=crop	Cyber Farm	https://games.crazygames.com/en_US/cyber-farm/index.html
1744867939-21	https://www.crazygames.com/c/clicker/5?sorting=default	Incremental Epic Breakers	https://imgs.crazygames.com/incremental-epic-breakers/20201228080046/incremental-epic-breakers-cover?metadata=none&quality=85&width=273&fit=crop	Incremental Epic Breakers	https://games.crazygames.com/en_US/incremental-epic-breakers/index.html
1744867939-22	https://www.crazygames.com/c/clicker/5?sorting=default	Grow Defense	https://imgs.crazygames.com/grow-defense/20210209052943/grow-defense-cover?metadata=none&quality=85&width=273&fit=crop	Grow Defense	https://games.crazygames.com/en_US/grow-defense/index.html
1744867939-23	https://www.crazygames.com/c/clicker/5?sorting=default	Clicker Knights vs Dragons	https://imgs.crazygames.com/games/clicker-knights-vs-dragons/cover-1618469419791.png?metadata=none&quality=85&width=273&fit=crop	Clicker Knights vs Dragons	https://games.crazygames.com/en_US/clicker-knights-vs-dragons/index.html
1744867939-24	https://www.crazygames.com/c/clicker/5?sorting=default	Lunar Atoms Tycoon	https://imgs.crazygames.com/lunar-atoms-tycoon/20210326154950/lunar-atoms-tycoon-cover?metadata=none&quality=85&width=273&fit=crop	Lunar Atoms Tycoon	https://games.crazygames.com/en_US/lunar-atoms-tycoon/index.html
1744867939-25	https://www.crazygames.com/c/clicker/5?sorting=default	Fish Merge FRVR	https://imgs.crazygames.com/games/fish-merge-frvr/cover-1621940229740.png?metadata=none&quality=85&width=273&fit=crop	Fish Merge FRVR	https://games.crazygames.com/en_US/fish-merge-frvr/index.html
1744867939-26	https://www.crazygames.com/c/clicker/5?sorting=default	Particle Clicker	https://imgs.crazygames.com/games/particle-clicker/thumb-1580843594169.png?metadata=none&quality=85&width=273&fit=crop	Particle Clicker	https://games.crazygames.com/en_US/particle-clicker/index.html
1744867939-27	https://www.crazygames.com/c/clicker/5?sorting=default	Infinity Toower	https://imgs.crazygames.com/games/infinity-toower/thumb-1581346863743.png?metadata=none&quality=85&width=273&fit=crop	Infinity Toower	https://games.crazygames.com/en_US/infinity-toower/index.html
1744867939-28	https://www.crazygames.com/c/clicker/5?sorting=default	Mining in Notebook	https://imgs.crazygames.com/mining-in-notebook/20201026122659/mining-in-notebook-cover?metadata=none&quality=85&width=273&fit=crop	Mining in Notebook	https://games.crazygames.com/en_US/mining-in-notebook/index.html
1744867939-29	https://www.crazygames.com/c/clicker/5?sorting=default	Mine to the Last	https://imgs.crazygames.com/mine-to-the-last/20200815082617/mine-to-the-last-cover?metadata=none&quality=85&width=273&fit=crop	Mine to the Last	https://games.crazygames.com/en_US/mine-to-the-last/index.html
1744867939-30	https://www.crazygames.com/c/clicker/5?sorting=default	Room Clicker	https://imgs.crazygames.com/games/room-clicker/cover-1660250604553.png?metadata=none&quality=85&width=273&fit=crop	Room Clicker	https://games.crazygames.com/en_US/room-clicker/index.html
1744867939-31	https://www.crazygames.com/c/clicker/5?sorting=default	Slime Farm 2: Gold Rush	https://imgs.crazygames.com/slime-farm-2-gold-rush/20200928162808/slime-farm-2-gold-rush-cover?metadata=none&quality=85&width=273&fit=crop	Slime Farm 2: Gold Rush	https://games.crazygames.com/en_US/slime-farm-2-gold-rush/index.html
1744867939-32	https://www.crazygames.com/c/clicker/5?sorting=default	Idle Emoji Factory	https://imgs.crazygames.com/idle-emoji-factory-cover?metadata=none&quality=85&width=273&fit=crop	Idle Emoji Factory	https://games.crazygames.com/en_US/idle-emoji-factory/index.html
1744867939-33	https://www.crazygames.com/c/clicker/5?sorting=default	Merge Pickaxe	https://imgs.crazygames.com/merge-pickaxe-cover?metadata=none&quality=85&width=273&fit=crop	Merge Pickaxe	https://games.crazygames.com/en_US/merge-pickaxe/index.html
1744867939-34	https://www.crazygames.com/c/clicker/5?sorting=default	Logistics Inc	https://imgs.crazygames.com/games/logistics-inc/thumb-1564655527365.png?metadata=none&quality=85&width=273&fit=crop	Logistics Inc	https://games.crazygames.com/en_US/logistics-inc/index.html
1744867939-35	https://www.crazygames.com/c/clicker/5?sorting=default	Greedy Dwarves	https://imgs.crazygames.com/greedy-dwarves-cover?metadata=none&quality=85&width=273&fit=crop	Greedy Dwarves	https://games.crazygames.com/en_US/greedy-dwarves/index.html
1744867939-36	https://www.crazygames.com/c/clicker/5?sorting=default	Military Capitalist	https://imgs.crazygames.com/militarycapitalist.png?metadata=none&quality=85&width=273&fit=crop	Military Capitalist	https://games.crazygames.com/en_US/military-capitalist/index.html
1744867939-37	https://www.crazygames.com/c/clicker/5?sorting=default	SpinHunter	https://imgs.crazygames.com/spinhunter.png?metadata=none&quality=85&width=273&fit=crop	SpinHunter	https://games.crazygames.com/en_US/spinhunter/index.html
1744867939-38	https://www.crazygames.com/c/clicker/5?sorting=default	Galactic Grind	https://imgs.crazygames.com/galacticgrindc.png?metadata=none&quality=85&width=273&fit=crop	Galactic Grind	https://games.crazygames.com/en_US/galactic-grind/index.html
1744867939-39	https://www.crazygames.com/c/clicker/5?sorting=default	Idle Chopper	https://imgs.crazygames.com/idlechopperb.png?metadata=none&quality=85&width=273&fit=crop	Idle Chopper	https://games.crazygames.com/en_US/idle-chopper/index.html
1744867939-40	https://www.crazygames.com/c/clicker/5?sorting=default	Heroic Battle	https://imgs.crazygames.com/heroicbattle.png?metadata=none&quality=85&width=273&fit=crop	Heroic Battle	https://games.crazygames.com/en_US/heroic-battle/index.html
1744867939-41	https://www.crazygames.com/c/clicker/5?sorting=default	Doge Miner	https://imgs.crazygames.com/games/doge-miner/cover-1593443166599.png?metadata=none&quality=85&width=273&fit=crop	Doge Miner	https://games.crazygames.com/en_US/doge-miner/index.html
1744867941-42	https://www.crazygames.com/c/clicker/4?sorting=default	Carving Madness	https://imgs.crazygames.com/carving-madness_16x9/20240408035458/carving-madness_16x9-cover?metadata=none&quality=85&width=273&fit=crop	Carving Madness	https://games.crazygames.com/en_US/carving-madness/index.html
1744867941-43	https://www.crazygames.com/c/clicker/4?sorting=default	Money Tree 2: Cash Grow Game	https://imgs.crazygames.com/money-tree-2-cash-grow-game/20230311183352/money-tree-2-cash-grow-game-cover?metadata=none&quality=85&width=273&fit=crop	Money Tree 2: Cash Grow Game	https://games.crazygames.com/en_US/money-tree-2-cash-grow-game/index.html
1744867941-44	https://www.crazygames.com/c/clicker/4?sorting=default	Idle Mine: Remix	https://imgs.crazygames.com/idle-mine-remix/20200702173407/idle-mine-remix-cover?metadata=none&quality=85&width=273&fit=crop	Idle Mine: Remix	https://games.crazygames.com/en_US/idle-mine-remix/index.html
1744867941-45	https://www.crazygames.com/c/clicker/4?sorting=default	Idle World Miner Tycoon	https://imgs.crazygames.com/idle-world-miner-tycoon_16x9/20240122041046/idle-world-miner-tycoon_16x9-cover?metadata=none&quality=85&width=273&fit=crop	Idle World Miner Tycoon	https://games.crazygames.com/en_US/idle-world-miner-tycoon/index.html
1744867941-46	https://www.crazygames.com/c/clicker/4?sorting=default	Miner Madness Tycoon	https://imgs.crazygames.com/time-to-mine---idle-tycoon_16x9/20230915185908/time-to-mine---idle-tycoon_16x9-cover?metadata=none&quality=85&width=273&fit=crop	Miner Madness Tycoon	https://games.crazygames.com/en_US/time-to-mine---idle-tycoon/index.html
1744867941-47	https://www.crazygames.com/c/clicker/4?sorting=default	Blade of Dimensions	https://imgs.crazygames.com/blade-of-dimensions_16x9/20231017064908/blade-of-dimensions_16x9-cover?metadata=none&quality=85&width=273&fit=crop	Blade of Dimensions	https://games.crazygames.com/en_US/blade-of-dimensions/index.html
1744867941-48	https://www.crazygames.com/c/clicker/4?sorting=default	Law of the Cat God	https://imgs.crazygames.com/law-of-the-cat-god_16x9/20250306105944/law-of-the-cat-god_16x9-cover?metadata=none&quality=85&width=273&fit=crop	Law of the Cat God	https://games.crazygames.com/en_US/law-of-the-cat-god/index.html
1744867941-49	https://www.crazygames.com/c/clicker/4?sorting=default	Lhama Clicker	https://imgs.crazygames.com/lhama-clicker/20230411080236/lhama-clicker-cover?metadata=none&quality=85&width=273&fit=crop	Lhama Clicker	https://games.crazygames.com/en_US/lhama-clicker/index.html
1744867941-50	https://www.crazygames.com/c/clicker/4?sorting=default	Juice Production Tycoon Remake	https://imgs.crazygames.com/juice-production-tycoon-remake/20220920113431/juice-production-tycoon-remake-cover?metadata=none&quality=85&width=273&fit=crop	Juice Production Tycoon Remake	https://games.crazygames.com/en_US/juice-production-tycoon-remake/index.html
1744867941-51	https://www.crazygames.com/c/clicker/4?sorting=default	EvoHero: Idle Gladiators	https://imgs.crazygames.com/evohero---idle-gladiators/20221107123425/evohero---idle-gladiators-cover?metadata=none&quality=85&width=273&fit=crop	EvoHero: Idle Gladiators	https://games.crazygames.com/en_US/evohero---idle-gladiators/index.html
1744867941-52	https://www.crazygames.com/c/clicker/4?sorting=default	Idle Printers 2	https://imgs.crazygames.com/idle-printers-2/20230324184951/idle-printers-2-cover?metadata=none&quality=85&width=273&fit=crop	Idle Printers 2	https://games.crazygames.com/en_US/idle-printers-2/index.html
1744867941-53	https://www.crazygames.com/c/clicker/4?sorting=default	Idle Sculpt	https://imgs.crazygames.com/idle-sculpt/20230317150302/idle-sculpt-cover?metadata=none&quality=85&width=273&fit=crop	Idle Sculpt	https://games.crazygames.com/en_US/idle-sculpt/index.html
1744867941-54	https://www.crazygames.com/c/clicker/4?sorting=default	Haste-Clicker	https://imgs.crazygames.com/haste-clicker/20230103102512/haste-clicker-cover?metadata=none&quality=85&width=273&fit=crop	Haste-Clicker	https://games.crazygames.com/en_US/haste-clicker/index.html
1744867941-55	https://www.crazygames.com/c/clicker/4?sorting=default	Idle Ants	https://imgs.crazygames.com/idleants.png?metadata=none&quality=85&width=273&fit=crop	Idle Ants	https://games.crazygames.com/en_US/idle-ants/index.html
1744867941-56	https://www.crazygames.com/c/clicker/4?sorting=default	Fruit Clicker	https://imgs.crazygames.com/fruit-clicker/20230428041649/fruit-clicker-cover?metadata=none&quality=85&width=273&fit=crop	Fruit Clicker	https://games.crazygames.com/en_US/fruit-clicker/index.html
1744867941-57	https://www.crazygames.com/c/clicker/4?sorting=default	Monopoly Clicker	https://imgs.crazygames.com/monopoly-clicker/20221201091139/monopoly-clicker-cover?metadata=none&quality=85&width=273&fit=crop	Monopoly Clicker	https://games.crazygames.com/en_US/monopoly-clicker/index.html
1744867941-58	https://www.crazygames.com/c/clicker/4?sorting=default	Merge Mine: Idle Clicker	https://imgs.crazygames.com/merge-mine-idle-clicker/20230308103657/merge-mine-idle-clicker-cover?metadata=none&quality=85&width=273&fit=crop	Merge Mine: Idle Clicker	https://games.crazygames.com/en_US/merge-mine-idle-clicker/index.html
1744867941-59	https://www.crazygames.com/c/clicker/4?sorting=default	Animal Zoo Clicker	https://imgs.crazygames.com/animal-zoo-clicker_16x9/20230901084548/animal-zoo-clicker_16x9-cover?metadata=none&quality=85&width=273&fit=crop	Animal Zoo Clicker	https://games.crazygames.com/en_US/animal-zoo-clicker/index.html
1744867941-60	https://www.crazygames.com/c/clicker/4?sorting=default	Cut Annoying Orange Idle	https://imgs.crazygames.com/cut-annoying-orange-idle/20220118102026/cut-annoying-orange-idle-cover?metadata=none&quality=85&width=273&fit=crop	Cut Annoying Orange Idle	https://games.crazygames.com/en_US/cut-annoying-orange-idle/index.html
1744867941-61	https://www.crazygames.com/c/clicker/4?sorting=default	President Simulator	https://imgs.crazygames.com/president-simulator/20220909084129/president-simulator-cover?metadata=none&quality=85&width=273&fit=crop	President Simulator	https://games.crazygames.com/en_US/president-simulator/index.html
1744867941-62	https://www.crazygames.com/c/clicker/4?sorting=default	Idle Coffee Business	https://imgs.crazygames.com/idle-coffee-business-xmi/20221213074927/idle-coffee-business-xmi-cover?metadata=none&quality=85&width=273&fit=crop	Idle Coffee Business	https://games.crazygames.com/en_US/idle-coffee-business-xmi/index.html
1744867941-63	https://www.crazygames.com/c/clicker/4?sorting=default	Click 'n' Heroes	https://imgs.crazygames.com/games/click-n-heroes/cover-1681299282737.png?metadata=none&quality=85&width=273&fit=crop	Click 'n' Heroes	https://games.crazygames.com/en_US/click-n-heroes/index.html
1744867941-64	https://www.crazygames.com/c/clicker/4?sorting=default	Horror Bosses Clicker	https://imgs.crazygames.com/horror-bosses-clicker_16x9/20240711031920/horror-bosses-clicker_16x9-cover?metadata=none&quality=85&width=273&fit=crop	Horror Bosses Clicker	https://games.crazygames.com/en_US/horror-bosses-clicker/index.html
1744867941-65	https://www.crazygames.com/c/clicker/4?sorting=default	Cookie Clicker Save the World	https://imgs.crazygames.com/cookie-clicker-save-the-world-cover?metadata=none&quality=85&width=273&fit=crop	Cookie Clicker Save the World	https://games.crazygames.com/en_US/cookie-clicker-save-the-world/index.html
1744867941-66	https://www.crazygames.com/c/clicker/4?sorting=default	Loop Farmer Idle	https://imgs.crazygames.com/loop-farmer-idle/20220511163620/loop-farmer-idle-cover?metadata=none&quality=85&width=273&fit=crop	Loop Farmer Idle	https://games.crazygames.com/en_US/loop-farmer-idle/index.html
1744867941-67	https://www.crazygames.com/c/clicker/4?sorting=default	Fantasy Idle Tycoon	https://imgs.crazygames.com/fantasy-idle-tycoon/20221207103914/fantasy-idle-tycoon-cover?metadata=none&quality=85&width=273&fit=crop	Fantasy Idle Tycoon	https://games.crazygames.com/en_US/fantasy-idle-tycoon/index.html
1744867941-68	https://www.crazygames.com/c/clicker/4?sorting=default	Coin Clicker	https://imgs.crazygames.com/coin-clicker/20220811081002/coin-clicker-cover?metadata=none&quality=85&width=273&fit=crop	Coin Clicker	https://games.crazygames.com/en_US/coin-clicker/index.html
1744867941-69	https://www.crazygames.com/c/clicker/4?sorting=default	Idle Pet Business	https://imgs.crazygames.com/idle-pet-business/20220919183727/idle-pet-business-cover?metadata=none&quality=85&width=273&fit=crop	Idle Pet Business	https://games.crazygames.com/en_US/idle-pet-business/index.html
1744867941-70	https://www.crazygames.com/c/clicker/4?sorting=default	Idle Hurricane	https://imgs.crazygames.com/idle-hurricane_16x9/20231213084238/idle-hurricane_16x9-cover?metadata=none&quality=85&width=273&fit=crop	Idle Hurricane	https://games.crazygames.com/en_US/idle-hurricane/index.html
1744867941-71	https://www.crazygames.com/c/clicker/4?sorting=default	Aim Trainer Idle	https://imgs.crazygames.com/aim-trainer-idle/20221012124446/aim-trainer-idle-cover?metadata=none&quality=85&width=273&fit=crop	Aim Trainer Idle	https://games.crazygames.com/en_US/aim-trainer-idle/index.html
1744867941-72	https://www.crazygames.com/c/clicker/4?sorting=default	Magic Swords Idle RPG	https://imgs.crazygames.com/magic-swords-idle-rpg/20220712082549/magic-swords-idle-rpg-cover?metadata=none&quality=85&width=273&fit=crop	Magic Swords Idle RPG	https://games.crazygames.com/en_US/magic-swords-idle-rpg/index.html
1744867941-73	https://www.crazygames.com/c/clicker/4?sorting=default	Haste-Miner 3: Eternamine	https://imgs.crazygames.com/haste-miner-3-eternamine/20221221105655/haste-miner-3-eternamine-cover?metadata=none&quality=85&width=273&fit=crop	Haste-Miner 3: Eternamine	https://games.crazygames.com/en_US/haste-miner-3-eternamine/index.html
1744867941-74	https://www.crazygames.com/c/clicker/4?sorting=default	Love Clicker: Valentine's Day	https://imgs.crazygames.com/love-clicker-valentine-s-day/20230213155046/love-clicker-valentine-s-day-cover?metadata=none&quality=85&width=273&fit=crop	Love Clicker: Valentine's Day	https://games.crazygames.com/en_US/love-clicker-valentine-s-day/index.html
1744867941-75	https://www.crazygames.com/c/clicker/4?sorting=default	Weapons Journey	https://imgs.crazygames.com/weapons-journey/20220319083235/weapons-journey-cover?metadata=none&quality=85&width=273&fit=crop	Weapons Journey	https://games.crazygames.com/en_US/weapons-journey/index.html
1744867941-76	https://www.crazygames.com/c/clicker/4?sorting=default	Burger Clicker	https://imgs.crazygames.com/burger-clicker-ktl/20230317171554/burger-clicker-ktl-cover?metadata=none&quality=85&width=273&fit=crop	Burger Clicker	https://games.crazygames.com/en_US/burger-clicker-ktl/index.html
1744867941-77	https://www.crazygames.com/c/clicker/4?sorting=default	My Flour Factory	https://imgs.crazygames.com/my-flour-factory/20220503115751/my-flour-factory-cover?metadata=none&quality=85&width=273&fit=crop	My Flour Factory	https://games.crazygames.com/en_US/my-flour-factory/index.html
1744867941-78	https://www.crazygames.com/c/clicker/4?sorting=default	Galactic Crusade Clicker	https://imgs.crazygames.com/galactic-crusade-clicker/20220223112810/galactic-crusade-clicker-cover?metadata=none&quality=85&width=273&fit=crop	Galactic Crusade Clicker	https://games.crazygames.com/en_US/galactic-crusade-clicker/index.html
1744867941-79	https://www.crazygames.com/c/clicker/4?sorting=default	Red Imposter Clicker	https://imgs.crazygames.com/red-imposter-clicker/20230117051404/red-imposter-clicker-cover?metadata=none&quality=85&width=273&fit=crop	Red Imposter Clicker	https://games.crazygames.com/en_US/red-imposter-clicker/index.html
1744867941-80	https://www.crazygames.com/c/clicker/4?sorting=default	Mining Rush	https://imgs.crazygames.com/mining-rush/20220610150730/mining-rush-cover?metadata=none&quality=85&width=273&fit=crop	Mining Rush	https://games.crazygames.com/en_US/mining-rush/index.html
1744867941-81	https://www.crazygames.com/c/clicker/4?sorting=default	Survivor Idle Run	https://imgs.crazygames.com/survivor-idle-run/20230306145206/survivor-idle-run-cover?metadata=none&quality=85&width=273&fit=crop	Survivor Idle Run	https://games.crazygames.com/en_US/survivor-idle-run/index.html
1744867941-82	https://www.crazygames.com/c/clicker/4?sorting=default	Haste-Miner 2	https://imgs.crazygames.com/games/haste-miner-2/cover-1661273361008.png?metadata=none&quality=85&width=273&fit=crop	Haste-Miner 2	https://games.crazygames.com/en_US/haste-miner-2/index.html
1744867941-83	https://www.crazygames.com/c/clicker/4?sorting=default	Pinball Idle	https://imgs.crazygames.com/pinball-idle_16x9/20250120070739/pinball-idle_16x9-cover?metadata=none&quality=85&width=273&fit=crop	Pinball Idle	https://games.crazygames.com/en_US/pinball-idle/index.html
1744867941-84	https://www.crazygames.com/c/clicker/4?sorting=default	Minecube	https://imgs.crazygames.com/minecube/20220614124805/minecube-cover?metadata=none&quality=85&width=273&fit=crop	Minecube	https://games.crazygames.com/en_US/minecube/index.html
1744867941-85	https://www.crazygames.com/c/clicker/4?sorting=default	Launch Idle 3D	https://imgs.crazygames.com/launch-idle-3d/20220920113512/launch-idle-3d-cover?metadata=none&quality=85&width=273&fit=crop	Launch Idle 3D	https://games.crazygames.com/en_US/launch-idle-3d/index.html
1744867941-86	https://www.crazygames.com/c/clicker/4?sorting=default	Pixelartist Clicker	https://imgs.crazygames.com/pixelartist-clicker/20220405142248/pixelartist-clicker-cover?metadata=none&quality=85&width=273&fit=crop	Pixelartist Clicker	https://games.crazygames.com/en_US/pixelartist-clicker/index.html
1744867941-87	https://www.crazygames.com/c/clicker/4?sorting=default	Wednesday Clicker	https://imgs.crazygames.com/wednesday-clicker/20221221194343/wednesday-clicker-cover?metadata=none&quality=85&width=273&fit=crop	Wednesday Clicker	https://games.crazygames.com/en_US/wednesday-clicker/index.html
1744867941-88	https://www.crazygames.com/c/clicker/4?sorting=default	Revolution Idle RE	https://imgs.crazygames.com/revolution-idle-re/20210519142719/revolution-idle-re-cover?metadata=none&quality=85&width=273&fit=crop	Revolution Idle RE	https://games.crazygames.com/en_US/revolution-idle-re/index.html
1744867941-89	https://www.crazygames.com/c/clicker/4?sorting=default	Weaponsmith Idle	https://imgs.crazygames.com/weaponsmith-idle/20220201085740/weaponsmith-idle-cover?metadata=none&quality=85&width=273&fit=crop	Weaponsmith Idle	https://games.crazygames.com/en_US/weaponsmith-idle/index.html
1744867941-90	https://www.crazygames.com/c/clicker/4?sorting=default	Juice Production Tycoon	https://imgs.crazygames.com/juice-production-tycoon/20210521121757/juice-production-tycoon-cover?metadata=none&quality=85&width=273&fit=crop	Juice Production Tycoon	https://games.crazygames.com/en_US/juice-production-tycoon/index.html
1744867941-91	https://www.crazygames.com/c/clicker/4?sorting=default	Loot Box Hero	https://imgs.crazygames.com/loot-box-hero/20221031145029/loot-box-hero-cover?metadata=none&quality=85&width=273&fit=crop	Loot Box Hero	https://games.crazygames.com/en_US/loot-box-hero/index.html
1744867941-92	https://www.crazygames.com/c/clicker/4?sorting=default	Mining for the Village	https://imgs.crazygames.com/mining-for-the-village/20220511170435/mining-for-the-village-cover?metadata=none&quality=85&width=273&fit=crop	Mining for the Village	https://games.crazygames.com/en_US/mining-for-the-village/index.html
1744867941-93	https://www.crazygames.com/c/clicker/4?sorting=default	CoinBlock Clicker	https://imgs.crazygames.com/coinblock-clicker/20220608160631/coinblock-clicker-cover?metadata=none&quality=85&width=273&fit=crop	CoinBlock Clicker	https://games.crazygames.com/en_US/coinblock-clicker/index.html
1744867941-94	https://www.crazygames.com/c/clicker/4?sorting=default	Stone Idle	https://imgs.crazygames.com/stone-idle/20211227074109/stone-idle-cover?metadata=none&quality=85&width=273&fit=crop	Stone Idle	https://games.crazygames.com/en_US/stone-idle/index.html
1744867941-95	https://www.crazygames.com/c/clicker/4?sorting=default	Block Fuser	https://imgs.crazygames.com/games/block-fuser/cover-1643611806536.png?metadata=none&quality=85&width=273&fit=crop	Block Fuser	https://games.crazygames.com/en_US/block-fuser/index.html
1744867941-96	https://www.crazygames.com/c/clicker/4?sorting=default	Idle Gun	https://imgs.crazygames.com/idlegun/20220420165343/idlegun-cover?metadata=none&quality=85&width=273&fit=crop	Idle Gun	https://games.crazygames.com/en_US/idlegun/index.html
1744867941-97	https://www.crazygames.com/c/clicker/4?sorting=default	Doge Miner 2	https://imgs.crazygames.com/games/doge-miner-2/cover-1593443163888.png?metadata=none&quality=85&width=273&fit=crop	Doge Miner 2	https://games.crazygames.com/en_US/doge-miner-2/index.html
1744867941-98	https://www.crazygames.com/c/clicker/4?sorting=default	Yet Another Merge Game	https://imgs.crazygames.com/yet-another-merge-game/20210927152640/yet-another-merge-game-cover?metadata=none&quality=85&width=273&fit=crop	Yet Another Merge Game	https://games.crazygames.com/en_US/yet-another-merge-game/index.html
1744867941-99	https://www.crazygames.com/c/clicker/4?sorting=default	Glass Factory 2	https://imgs.crazygames.com/glass-factory-2/20210722130725/glass-factory-2-cover?metadata=none&quality=85&width=273&fit=crop	Glass Factory 2	https://games.crazygames.com/en_US/glass-factory-2/index.html
1744867941-100	https://www.crazygames.com/c/clicker/4?sorting=default	TableTop Idle (Remastered)	https://imgs.crazygames.com/tabletop-idle/20210804075603/tabletop-idle-cover?metadata=none&quality=85&width=273&fit=crop	TableTop Idle (Remastered)	https://games.crazygames.com/en_US/tabletop-idle/index.html
1744867941-101	https://www.crazygames.com/c/clicker/4?sorting=default	Matches	https://imgs.crazygames.com/matches/20211019100047/matches-cover?metadata=none&quality=85&width=273&fit=crop	Matches	https://games.crazygames.com/en_US/matches/index.html
1744867944-102	https://www.crazygames.com/c/clicker/3?sorting=default	Commit Battery	https://imgs.crazygames.com/commit-battery/20220105082803/commit-battery-cover?metadata=none&quality=85&width=273&fit=crop	Commit Battery	https://games.crazygames.com/en_US/commit-battery/index.html
1744867944-103	https://www.crazygames.com/c/clicker/3?sorting=default	Button Defense Clicker	https://imgs.crazygames.com/button-defence-clicker_16x9/20241129025616/button-defence-clicker_16x9-cover?metadata=none&quality=85&width=273&fit=crop	Button Defense Clicker	https://games.crazygames.com/en_US/button-defence-clicker/index.html
1744867944-104	https://www.crazygames.com/c/clicker/3?sorting=default	BreakShoot idle	https://imgs.crazygames.com/breakshoot-idle/20221122100234/breakshoot-idle-cover?metadata=none&quality=85&width=273&fit=crop	BreakShoot idle	https://games.crazygames.com/en_US/breakshoot-idle/index.html
1744867944-105	https://www.crazygames.com/c/clicker/3?sorting=default	Mine Merge Mania	https://imgs.crazygames.com/mine-merge-mania_16x9/20240904033459/mine-merge-mania_16x9-cover?metadata=none&quality=85&width=273&fit=crop	Mine Merge Mania	https://games.crazygames.com/en_US/mine-merge-mania/index.html
1744867944-106	https://www.crazygames.com/c/clicker/3?sorting=default	Bees Clicker	https://imgs.crazygames.com/bees-clicker_16x9/20231030101754/bees-clicker_16x9-cover?metadata=none&quality=85&width=273&fit=crop	Bees Clicker	https://games.crazygames.com/en_US/bees-clicker/index.html
1744867944-107	https://www.crazygames.com/c/clicker/3?sorting=default	Soccer Clicker 2D	https://imgs.crazygames.com/football-soccer-clicker_16x9/20241121063836/football-soccer-clicker_16x9-cover?metadata=none&quality=85&width=273&fit=crop	Soccer Clicker 2D	https://games.crazygames.com/en_US/football-soccer-clicker/index.html
1744867944-108	https://www.crazygames.com/c/clicker/3?sorting=default	Stickman Clicker	https://imgs.crazygames.com/stickman-clicker_16x9/20240712040420/stickman-clicker_16x9-cover?metadata=none&quality=85&width=273&fit=crop	Stickman Clicker	https://games.crazygames.com/en_US/stickman-clicker/index.html
1744867944-109	https://www.crazygames.com/c/clicker/3?sorting=default	Block Shoot Clicker	https://imgs.crazygames.com/block-shoot-clicker_16x9/20240411081848/block-shoot-clicker_16x9-cover?metadata=none&quality=85&width=273&fit=crop	Block Shoot Clicker	https://games.crazygames.com/en_US/block-shoot-clicker/index.html
1744867944-110	https://www.crazygames.com/c/clicker/3?sorting=default	Idle Idle Gamedev	https://imgs.crazygames.com/idle-idle-gamedev/20221122190130/idle-idle-gamedev-cover?metadata=none&quality=85&width=273&fit=crop	Idle Idle Gamedev	https://games.crazygames.com/en_US/idle-idle-gamedev/index.html
1744867944-111	https://www.crazygames.com/c/clicker/3?sorting=default	Idle Treadmill	https://imgs.crazygames.com/idle-treadmill_16x9/20240306065941/idle-treadmill_16x9-cover?metadata=none&quality=85&width=273&fit=crop	Idle Treadmill	https://games.crazygames.com/en_US/idle-treadmill/index.html
1744867944-112	https://www.crazygames.com/c/clicker/3?sorting=default	Sculpture Collector	https://imgs.crazygames.com/sculpture-collector_16x9/20241030091250/sculpture-collector_16x9-cover?metadata=none&quality=85&width=273&fit=crop	Sculpture Collector	https://games.crazygames.com/en_US/sculpture-collector/index.html
1744867944-113	https://www.crazygames.com/c/clicker/3?sorting=default	Carousel Idle Clicker	https://imgs.crazygames.com/carousel-idle-clicker_16x9/20240826093526/carousel-idle-clicker_16x9-cover?metadata=none&quality=85&width=273&fit=crop	Carousel Idle Clicker	https://games.crazygames.com/en_US/carousel-idle-clicker/index.html
1744867944-114	https://www.crazygames.com/c/clicker/3?sorting=default	Catty's Fishing Day	https://imgs.crazygames.com/catty-s-fishing-day_16x9/20240507013720/catty-s-fishing-day_16x9-cover?metadata=none&quality=85&width=273&fit=crop	Catty's Fishing Day	https://games.crazygames.com/en_US/catty-s-fishing-day/index.html
1744867944-115	https://www.crazygames.com/c/clicker/3?sorting=default	Resource Clicker	https://imgs.crazygames.com/resource-clicker_16x9/20240731042519/resource-clicker_16x9-cover?metadata=none&quality=85&width=273&fit=crop	Resource Clicker	https://games.crazygames.com/en_US/resource-clicker/index.html
1744867944-116	https://www.crazygames.com/c/clicker/3?sorting=default	Donut Clicker	https://imgs.crazygames.com/donut-clicker/20230119162541/donut-clicker-cover?metadata=none&quality=85&width=273&fit=crop	Donut Clicker	https://games.crazygames.com/en_US/donut-clicker/index.html
1744867944-117	https://www.crazygames.com/c/clicker/3?sorting=default	Fishing Clicker 3D	https://imgs.crazygames.com/fishing-clicker-3d_16x9/20240111103317/fishing-clicker-3d_16x9-cover?metadata=none&quality=85&width=273&fit=crop	Fishing Clicker 3D	https://games.crazygames.com/en_US/fishing-clicker-3d/index.html
1744867944-118	https://www.crazygames.com/c/clicker/3?sorting=default	Slime Farm 3	https://imgs.crazygames.com/slime-farm-3_16x9/20241104142836/slime-farm-3_16x9-cover?metadata=none&quality=85&width=273&fit=crop	Slime Farm 3	https://games.crazygames.com/en_US/slime-farm-3/index.html
1744867944-119	https://www.crazygames.com/c/clicker/3?sorting=default	Omega Layers	https://imgs.crazygames.com/omega-layers/20201215125946/omega-layers-cover?metadata=none&quality=85&width=273&fit=crop	Omega Layers	https://games.crazygames.com/en_US/omega-layers/index.html
1744867944-120	https://www.crazygames.com/c/clicker/3?sorting=default	Little Blacksmith Clicker	https://imgs.crazygames.com/little-blacksmith-clicker/20230505191354/little-blacksmith-clicker-cover?metadata=none&quality=85&width=273&fit=crop	Little Blacksmith Clicker	https://games.crazygames.com/en_US/little-blacksmith-clicker/index.html
1744867944-121	https://www.crazygames.com/c/clicker/3?sorting=default	Crafters Inc: Tycoon Empire	https://imgs.crazygames.com/crafters-inc-tycoon-empire_16x9/20240611095728/crafters-inc-tycoon-empire_16x9-cover?metadata=none&quality=85&width=273&fit=crop	Crafters Inc: Tycoon Empire	https://games.crazygames.com/en_US/crafters-inc-tycoon-empire/index.html
1744867944-122	https://www.crazygames.com/c/clicker/3?sorting=default	MineClicker 2	https://imgs.crazygames.com/mineclicker-2/20230320184415/mineclicker-2-cover?metadata=none&quality=85&width=273&fit=crop	MineClicker 2	https://games.crazygames.com/en_US/mineclicker-2/index.html
1744867944-123	https://www.crazygames.com/c/clicker/3?sorting=default	Block Clicker	https://imgs.crazygames.com/block-clicker/20230818171416/block-clicker-cover?metadata=none&quality=85&width=273&fit=crop	Block Clicker	https://games.crazygames.com/en_US/block-clicker/index.html
1744867944-124	https://www.crazygames.com/c/clicker/3?sorting=default	Survival Runners	https://imgs.crazygames.com/survival-runners_16x9/20241015025954/survival-runners_16x9-cover?metadata=none&quality=85&width=273&fit=crop	Survival Runners	https://games.crazygames.com/en_US/survival-runners/index.html
1744867944-125	https://www.crazygames.com/c/clicker/3?sorting=default	Mine Loop	https://imgs.crazygames.com/mine-loop_16x9/20240220050313/mine-loop_16x9-cover?metadata=none&quality=85&width=273&fit=crop	Mine Loop	https://games.crazygames.com/en_US/mine-loop/index.html
1744867944-126	https://www.crazygames.com/c/clicker/3?sorting=default	The Cool Merge	https://imgs.crazygames.com/the-cool-merge_16x9/20240306202526/the-cool-merge_16x9-cover?metadata=none&quality=85&width=273&fit=crop	The Cool Merge	https://games.crazygames.com/en_US/the-cool-merge/index.html
1744867944-127	https://www.crazygames.com/c/clicker/3?sorting=default	Bird Flight Idle	https://imgs.crazygames.com/bird-flight-idle_16x9/20230904090444/bird-flight-idle_16x9-cover?metadata=none&quality=85&width=273&fit=crop	Bird Flight Idle	https://games.crazygames.com/en_US/bird-flight-idle/index.html
1744867944-128	https://www.crazygames.com/c/clicker/3?sorting=default	Club Tycoon: Idle Clicker	https://imgs.crazygames.com/club-tycoon-idle-clicker_16x9/20231220024927/club-tycoon-idle-clicker_16x9-cover?metadata=none&quality=85&width=273&fit=crop	Club Tycoon: Idle Clicker	https://games.crazygames.com/en_US/club-tycoon-idle-clicker/index.html
1744867944-129	https://www.crazygames.com/c/clicker/3?sorting=default	Fast Food Factory	https://imgs.crazygames.com/fast-food-factory_16x9/20231011073229/fast-food-factory_16x9-cover?metadata=none&quality=85&width=273&fit=crop	Fast Food Factory	https://games.crazygames.com/en_US/fast-food-factory/index.html
1744867944-130	https://www.crazygames.com/c/clicker/3?sorting=default	Shoot Gun Clicker	https://imgs.crazygames.com/shoot-gun-clicker/20230302144325/shoot-gun-clicker-cover?metadata=none&quality=85&width=273&fit=crop	Shoot Gun Clicker	https://games.crazygames.com/en_US/shoot-gun-clicker/index.html
1744867944-131	https://www.crazygames.com/c/clicker/3?sorting=default	Idle Research	https://imgs.crazygames.com/games/idle-research/cover-1660205761867.png?metadata=none&quality=85&width=273&fit=crop	Idle Research	https://games.crazygames.com/en_US/idle-research/index.html
1744867944-132	https://www.crazygames.com/c/clicker/3?sorting=default	Beekeeping Company	https://imgs.crazygames.com/beekeeping-company/20230804151727/beekeeping-company-cover?metadata=none&quality=85&width=273&fit=crop	Beekeeping Company	https://games.crazygames.com/en_US/beekeeping-company/index.html
1744867944-133	https://www.crazygames.com/c/clicker/3?sorting=default	Hamster Kombat Clicker	https://imgs.crazygames.com/hamster-kombat-clicker_16x9/20240621090008/hamster-kombat-clicker_16x9-cover?metadata=none&quality=85&width=273&fit=crop	Hamster Kombat Clicker	https://games.crazygames.com/en_US/hamster-kombat-clicker/index.html
1744867944-134	https://www.crazygames.com/c/clicker/3?sorting=default	Clickermon	https://imgs.crazygames.com/clickermon/20221209135354/clickermon-cover?metadata=none&quality=85&width=273&fit=crop	Clickermon	https://games.crazygames.com/en_US/clickermon/index.html
1744867944-135	https://www.crazygames.com/c/clicker/3?sorting=default	Pet Clicker	https://imgs.crazygames.com/pet-clicker_16x9/20240319094052/pet-clicker_16x9-cover?metadata=none&quality=85&width=273&fit=crop	Pet Clicker	https://games.crazygames.com/en_US/pet-clicker/index.html
1744867944-136	https://www.crazygames.com/c/clicker/3?sorting=default	Carnival Shooter	https://imgs.crazygames.com/carnival-shooter_16x9/20241024024329/carnival-shooter_16x9-cover?metadata=none&quality=85&width=273&fit=crop	Carnival Shooter	https://games.crazygames.com/en_US/carnival-shooter/index.html
1744867944-137	https://www.crazygames.com/c/clicker/3?sorting=default	Slime Clicker	https://imgs.crazygames.com/slime-clicker/20230103135145/slime-clicker-cover?metadata=none&quality=85&width=273&fit=crop	Slime Clicker	https://games.crazygames.com/en_US/slime-clicker/index.html
1744867944-138	https://www.crazygames.com/c/clicker/3?sorting=default	Fisquarium	https://imgs.crazygames.com/fisquarium_16x9/20240125032010/fisquarium_16x9-cover?metadata=none&quality=85&width=273&fit=crop	Fisquarium	https://games.crazygames.com/en_US/fisquarium/index.html
1744867944-139	https://www.crazygames.com/c/clicker/3?sorting=default	Mushroom Clicker	https://imgs.crazygames.com/mushroom-clicker_16x9/20240404105634/mushroom-clicker_16x9-cover?metadata=none&quality=85&width=273&fit=crop	Mushroom Clicker	https://games.crazygames.com/en_US/mushroom-clicker/index.html
1744867944-140	https://www.crazygames.com/c/clicker/3?sorting=default	Idle Streamer	https://imgs.crazygames.com/idle-streamer/20220222150107/idle-streamer-cover?metadata=none&quality=85&width=273&fit=crop	Idle Streamer	https://games.crazygames.com/en_US/idle-streamer/index.html
1744867944-141	https://www.crazygames.com/c/clicker/3?sorting=default	Idle IT Company	https://imgs.crazygames.com/idle-it-company/20230613084105/idle-it-company-cover?metadata=none&quality=85&width=273&fit=crop	Idle IT Company	https://games.crazygames.com/en_US/idle-it-company/index.html
1744867944-142	https://www.crazygames.com/c/clicker/3?sorting=default	Idle Reincarnator	https://imgs.crazygames.com/idle-reincarnator/20211019071949/idle-reincarnator-cover?metadata=none&quality=85&width=273&fit=crop	Idle Reincarnator	https://games.crazygames.com/en_US/idle-reincarnator/index.html
1744867944-143	https://www.crazygames.com/c/clicker/3?sorting=default	Ants: Fruits	https://imgs.crazygames.com/ants-fruits/20230214182745/ants-fruits-cover?metadata=none&quality=85&width=273&fit=crop	Ants: Fruits	https://games.crazygames.com/en_US/ants-fruits/index.html
1744867944-144	https://www.crazygames.com/c/clicker/3?sorting=default	Idle Space Business Tycoon	https://imgs.crazygames.com/idle-space-business-tycoon_16x9/20240214061856/idle-space-business-tycoon_16x9-cover?metadata=none&quality=85&width=273&fit=crop	Idle Space Business Tycoon	https://games.crazygames.com/en_US/idle-space-business-tycoon/index.html
1744867944-145	https://www.crazygames.com/c/clicker/3?sorting=default	Merge & Pin: Idle Pinball	https://imgs.crazygames.com/merge-pin-idle-pinball_16x9/20240227041931/merge-pin-idle-pinball_16x9-cover?metadata=none&quality=85&width=273&fit=crop	Merge & Pin: Idle Pinball	https://games.crazygames.com/en_US/merge-pin-idle-pinball/index.html
1744867944-146	https://www.crazygames.com/c/clicker/3?sorting=default	Race Clicker	https://imgs.crazygames.com/race-clicker_16x9/20230925131704/race-clicker_16x9-cover?metadata=none&quality=85&width=273&fit=crop	Race Clicker	https://games.crazygames.com/en_US/race-clicker/index.html
1744867944-147	https://www.crazygames.com/c/clicker/3?sorting=default	Run Idle	https://imgs.crazygames.com/run-idle_16x9/20240329052408/run-idle_16x9-cover?metadata=none&quality=85&width=273&fit=crop	Run Idle	https://games.crazygames.com/en_US/run-idle/index.html
1744867944-148	https://www.crazygames.com/c/clicker/3?sorting=default	Idle Crushing Block	https://imgs.crazygames.com/idle-crushing-block/20220725131512/idle-crushing-block-cover?metadata=none&quality=85&width=273&fit=crop	Idle Crushing Block	https://games.crazygames.com/en_US/idle-crushing-block/index.html
1744867944-149	https://www.crazygames.com/c/clicker/3?sorting=default	Battery Clicker	https://imgs.crazygames.com/battery-clicker/20220204083809/battery-clicker-cover?metadata=none&quality=85&width=273&fit=crop	Battery Clicker	https://games.crazygames.com/en_US/battery-clicker/index.html
1744867944-150	https://www.crazygames.com/c/clicker/3?sorting=default	Flywheel Incremental	https://imgs.crazygames.com/flywheel-incremental/20210921171405/flywheel-incremental-cover?metadata=none&quality=85&width=273&fit=crop	Flywheel Incremental	https://games.crazygames.com/en_US/flywheel-incremental/index.html
1744867944-151	https://www.crazygames.com/c/clicker/3?sorting=default	Hacking Hero: Hacker Clicker	https://imgs.crazygames.com/hacking-hero-hacker-clicker_16x9/20230831034149/hacking-hero-hacker-clicker_16x9-cover?metadata=none&quality=85&width=273&fit=crop	Hacking Hero: Hacker Clicker	https://games.crazygames.com/en_US/hacking-hero-hacker-clicker/index.html
1744867944-152	https://www.crazygames.com/c/clicker/3?sorting=default	Lunapark Idle Clicker: For Fun	https://imgs.crazygames.com/lunapark-idle-clicker-for-fun_16x9/20240308045544/lunapark-idle-clicker-for-fun_16x9-cover?metadata=none&quality=85&width=273&fit=crop	Lunapark Idle Clicker: For Fun	https://games.crazygames.com/en_US/lunapark-idle-clicker-for-fun/index.html
1744867944-153	https://www.crazygames.com/c/clicker/3?sorting=default	IDLE Molecules	https://imgs.crazygames.com/idle-molecules/20221212175943/idle-molecules-cover?metadata=none&quality=85&width=273&fit=crop	IDLE Molecules	https://games.crazygames.com/en_US/idle-molecules/index.html
1744867944-154	https://www.crazygames.com/c/clicker/3?sorting=default	Idle  Printers	https://imgs.crazygames.com/idle-printers/20220504140257/idle-printers-cover?metadata=none&quality=85&width=273&fit=crop	Idle  Printers	https://games.crazygames.com/en_US/idle-printers/index.html
1744867944-155	https://www.crazygames.com/c/clicker/3?sorting=default	Idle Combine	https://imgs.crazygames.com/idle-combine/20220708153356/idle-combine-cover?metadata=none&quality=85&width=273&fit=crop	Idle Combine	https://games.crazygames.com/en_US/idle-combine/index.html
1744867944-156	https://www.crazygames.com/c/clicker/3?sorting=default	Slicer Cursor Idle	https://imgs.crazygames.com/slicer-cursor-idle_16x9/20240213140427/slicer-cursor-idle_16x9-cover?metadata=none&quality=85&width=273&fit=crop	Slicer Cursor Idle	https://games.crazygames.com/en_US/slicer-cursor-idle/index.html
1744867944-157	https://www.crazygames.com/c/clicker/3?sorting=default	Treasure Hunt Idle	https://imgs.crazygames.com/treasure-hunt-idle/20230214054951/treasure-hunt-idle-cover?metadata=none&quality=85&width=273&fit=crop	Treasure Hunt Idle	https://games.crazygames.com/en_US/treasure-hunt-idle/index.html
1744867944-158	https://www.crazygames.com/c/clicker/3?sorting=default	Noob's Chicken Farm Tycoon	https://imgs.crazygames.com/noob-s-chicken-farm-tycoon_16x9/20231002043457/noob-s-chicken-farm-tycoon_16x9-cover?metadata=none&quality=85&width=273&fit=crop	Noob's Chicken Farm Tycoon	https://games.crazygames.com/en_US/noob-s-chicken-farm-tycoon/index.html
1744867944-159	https://www.crazygames.com/c/clicker/3?sorting=default	Launch Idle	https://imgs.crazygames.com/launch-idle/20220407114637/launch-idle-cover?metadata=none&quality=85&width=273&fit=crop	Launch Idle	https://games.crazygames.com/en_US/launch-idle/index.html
1744867944-160	https://www.crazygames.com/c/clicker/3?sorting=default	Art Tycoon	https://imgs.crazygames.com/idle-art-tycoon_16x9/20240318030053/idle-art-tycoon_16x9-cover?metadata=none&quality=85&width=273&fit=crop	Art Tycoon	https://games.crazygames.com/en_US/idle-art-tycoon/index.html
1744867944-161	https://www.crazygames.com/c/clicker/3?sorting=default	Gem Refiner	https://imgs.crazygames.com/gem-refiner_16x9/20240201045823/gem-refiner_16x9-cover?metadata=none&quality=85&width=273&fit=crop	Gem Refiner	https://games.crazygames.com/en_US/gem-refiner/index.html
1744867946-162	https://www.crazygames.com/c/clicker/2?sorting=default	Tower Merge	https://imgs.crazygames.com/tower-merge/20210924170503/tower-merge-cover?metadata=none&quality=85&width=273&fit=crop	Tower Merge	https://games.crazygames.com/en_US/tower-merge/index.html
1744867946-163	https://www.crazygames.com/c/clicker/2?sorting=default	Empire Clicker	https://imgs.crazygames.com/empire-clicker_16x9/20250321082625/empire-clicker_16x9-cover?metadata=none&quality=85&width=273&fit=crop	Empire Clicker	https://games.crazygames.com/en_US/empire-clicker/index.html
1744867946-164	https://www.crazygames.com/c/clicker/2?sorting=default	Orb of Creation	https://imgs.crazygames.com/orb-of-creation/20211122130224/orb-of-creation-cover?metadata=none&quality=85&width=273&fit=crop	Orb of Creation	https://games.crazygames.com/en_US/orb-of-creation/index.html
1744867946-165	https://www.crazygames.com/c/clicker/2?sorting=default	Sword Merging Simulator	https://imgs.crazygames.com/sword-merging-simulator/20230201082925/sword-merging-simulator-cover?metadata=none&quality=85&width=273&fit=crop	Sword Merging Simulator	https://games.crazygames.com/en_US/sword-merging-simulator/index.html
1744867946-166	https://www.crazygames.com/c/clicker/2?sorting=default	Idle Breakout	https://imgs.crazygames.com/games/idle-breakout/thumb-1553071737898.png?metadata=none&quality=85&width=273&fit=crop	Idle Breakout	https://games.crazygames.com/en_US/idle-breakout/index.html
1744867946-167	https://www.crazygames.com/c/clicker/2?sorting=default	Idle World	https://imgs.crazygames.com/idle-world_16x9/20250102060424/idle-world_16x9-cover?metadata=none&quality=85&width=273&fit=crop	Idle World	https://games.crazygames.com/en_US/idle-world/index.html
1744867946-168	https://www.crazygames.com/c/clicker/2?sorting=default	Commit Battery 2	https://imgs.crazygames.com/commit-battery-2/20230202191809/commit-battery-2-cover?metadata=none&quality=85&width=273&fit=crop	Commit Battery 2	https://games.crazygames.com/en_US/commit-battery-2/index.html
1744867946-169	https://www.crazygames.com/c/clicker/2?sorting=default	One Treasure	https://imgs.crazygames.com/one-treasure_16x9/20240917072411/one-treasure_16x9-cover?metadata=none&quality=85&width=273&fit=crop	One Treasure	https://games.crazygames.com/en_US/one-treasure/index.html
1744867946-170	https://www.crazygames.com/c/clicker/2?sorting=default	Chess Clicker	https://imgs.crazygames.com/chess-clicker-lhi_16x9/20241121070829/chess-clicker-lhi_16x9-cover?metadata=none&quality=85&width=273&fit=crop	Chess Clicker	https://games.crazygames.com/en_US/chess-clicker-lhi/index.html
1744867946-171	https://www.crazygames.com/c/clicker/2?sorting=default	Idle Soccer Manager	https://imgs.crazygames.com/games/idle-football-manager/cover-1619542182788.png?metadata=none&quality=85&width=273&fit=crop	Idle Soccer Manager	https://games.crazygames.com/en_US/idle-football-manager/index.html
1744867946-172	https://www.crazygames.com/c/clicker/2?sorting=default	Miner's Odyssey	https://imgs.crazygames.com/miner-s-odyssey/20230726095645/miner-s-odyssey-cover?metadata=none&quality=85&width=273&fit=crop	Miner's Odyssey	https://games.crazygames.com/en_US/miner-s-odyssey/index.html
1744867946-173	https://www.crazygames.com/c/clicker/2?sorting=default	Noob Basketball Clicker	https://imgs.crazygames.com/noob-basketball-clicker_16x9/20240529065332/noob-basketball-clicker_16x9-cover?metadata=none&quality=85&width=273&fit=crop	Noob Basketball Clicker	https://games.crazygames.com/en_US/noob-basketball-clicker/index.html
1744867946-174	https://www.crazygames.com/c/clicker/2?sorting=default	Craft Drill Clicker	https://imgs.crazygames.com/craft-drill-clicker_16x9/20240515084450/craft-drill-clicker_16x9-cover?metadata=none&quality=85&width=273&fit=crop	Craft Drill Clicker	https://games.crazygames.com/en_US/craft-drill-clicker/index.html
1744867946-175	https://www.crazygames.com/c/clicker/2?sorting=default	Martian Builders Tycoon	https://imgs.crazygames.com/martian-builders-tycoon_16x9/20240807074620/martian-builders-tycoon_16x9-cover?metadata=none&quality=85&width=273&fit=crop	Martian Builders Tycoon	https://games.crazygames.com/en_US/martian-builders-tycoon/index.html
1744867946-176	https://www.crazygames.com/c/clicker/2?sorting=default	Cube vs Ball Clicker	https://imgs.crazygames.com/cube-vs-ball-clicker_16x9/20240827045600/cube-vs-ball-clicker_16x9-cover?metadata=none&quality=85&width=273&fit=crop	Cube vs Ball Clicker	https://games.crazygames.com/en_US/cube-vs-ball-clicker/index.html
1744867946-177	https://www.crazygames.com/c/clicker/2?sorting=default	Quantum God	https://imgs.crazygames.com/quantum-god_16x9/20240704102546/quantum-god_16x9-cover?metadata=none&quality=85&width=273&fit=crop	Quantum God	https://games.crazygames.com/en_US/quantum-god/index.html
1744867946-178	https://www.crazygames.com/c/clicker/2?sorting=default	Hot Road Infinite	https://imgs.crazygames.com/hot-road-infinite_16x9/20250204033517/hot-road-infinite_16x9-cover?metadata=none&quality=85&width=273&fit=crop	Hot Road Infinite	https://games.crazygames.com/en_US/hot-road-infinite/index.html
1744867946-179	https://www.crazygames.com/c/clicker/2?sorting=default	Block City Clicker	https://imgs.crazygames.com/block-city-clicker_16x9/20231207094355/block-city-clicker_16x9-cover?metadata=none&quality=85&width=273&fit=crop	Block City Clicker	https://games.crazygames.com/en_US/block-city-clicker/index.html
1744867946-180	https://www.crazygames.com/c/clicker/2?sorting=default	Monster Slayer	https://imgs.crazygames.com/monster-slayer-idle-clicker_16x9/20250221042612/monster-slayer-idle-clicker_16x9-cover?metadata=none&quality=85&width=273&fit=crop	Monster Slayer	https://games.crazygames.com/en_US/monster-slayer-idle-clicker/index.html
1744867946-181	https://www.crazygames.com/c/clicker/2?sorting=default	Gridle	https://imgs.crazygames.com/gridle_16x9/20250117031823/gridle_16x9-cover?metadata=none&quality=85&width=273&fit=crop	Gridle	https://games.crazygames.com/en_US/gridle/index.html
1744867946-182	https://www.crazygames.com/c/clicker/2?sorting=default	I Best Dancer!	https://imgs.crazygames.com/i-best-dancer_16x9/20231117105242/i-best-dancer_16x9-cover?metadata=none&quality=85&width=273&fit=crop	I Best Dancer!	https://games.crazygames.com/en_US/i-best-dancer/index.html
1744867946-183	https://www.crazygames.com/c/clicker/2?sorting=default	Fruit Factory Idle	https://imgs.crazygames.com/fruit-factory-idle_16x9/20231227142249/fruit-factory-idle_16x9-cover?metadata=none&quality=85&width=273&fit=crop	Fruit Factory Idle	https://games.crazygames.com/en_US/fruit-factory-idle/index.html
1744867946-184	https://www.crazygames.com/c/clicker/2?sorting=default	Idle Animal Anatomy	https://imgs.crazygames.com/idle-animal-anatomy_16x9/20231205124208/idle-animal-anatomy_16x9-cover?metadata=none&quality=85&width=273&fit=crop	Idle Animal Anatomy	https://games.crazygames.com/en_US/idle-animal-anatomy/index.html
1744867946-185	https://www.crazygames.com/c/clicker/2?sorting=default	Idle Monster Slayer	https://imgs.crazygames.com/idle-monster-slayer_16x9/20240925055916/idle-monster-slayer_16x9-cover?metadata=none&quality=85&width=273&fit=crop	Idle Monster Slayer	https://games.crazygames.com/en_US/idle-monster-slayer/index.html
1744867946-186	https://www.crazygames.com/c/clicker/2?sorting=default	Fall Ball Clicker	https://imgs.crazygames.com/fall-ball-clicker_16x9/20240724043818/fall-ball-clicker_16x9-cover?metadata=none&quality=85&width=273&fit=crop	Fall Ball Clicker	https://games.crazygames.com/en_US/fall-ball-clicker/index.html
1744867946-187	https://www.crazygames.com/c/clicker/2?sorting=default	Celldome	https://imgs.crazygames.com/celldom/20220727092509/celldom-cover?metadata=none&quality=85&width=273&fit=crop	Celldome	https://games.crazygames.com/en_US/celldom/index.html
1744867946-188	https://www.crazygames.com/c/clicker/2?sorting=default	Hamster Factory ASMR	https://imgs.crazygames.com/hamster-factory-asmr_16x9/20240808010344/hamster-factory-asmr_16x9-cover?metadata=none&quality=85&width=273&fit=crop	Hamster Factory ASMR	https://games.crazygames.com/en_US/hamster-factory-asmr/index.html
1744867946-189	https://www.crazygames.com/c/clicker/2?sorting=default	Soccer Clicker	https://imgs.crazygames.com/soccer-clicker_16x9/20250113034009/soccer-clicker_16x9-cover?metadata=none&quality=85&width=273&fit=crop	Soccer Clicker	https://games.crazygames.com/en_US/soccer-clicker/index.html
1744867946-190	https://www.crazygames.com/c/clicker/2?sorting=default	Idle Dice	https://imgs.crazygames.com/idle-dice_16x9/20250317162519/idle-dice_16x9-cover?metadata=none&quality=85&width=273&fit=crop	Idle Dice	https://games.crazygames.com/en_US/idle-dice/index.html
1744867946-191	https://www.crazygames.com/c/clicker/2?sorting=default	Incremental Epic Hero 2	https://imgs.crazygames.com/incremental-epic-hero-2/20220901173848/incremental-epic-hero-2-cover?metadata=none&quality=85&width=273&fit=crop	Incremental Epic Hero 2	https://games.crazygames.com/en_US/incremental-epic-hero-2/index.html
1744867946-192	https://www.crazygames.com/c/clicker/2?sorting=default	Console Idle	https://imgs.crazygames.com/console-idle_16x9/20250401112355/console-idle_16x9-cover?metadata=none&quality=85&width=273&fit=crop	Console Idle	https://games.crazygames.com/en_US/console-idle/index.html
1744867946-193	https://www.crazygames.com/c/clicker/2?sorting=default	Sword Adventure Idle	https://imgs.crazygames.com/sword-adventure-idle/20230404090247/sword-adventure-idle-cover?metadata=none&quality=85&width=273&fit=crop	Sword Adventure Idle	https://games.crazygames.com/en_US/sword-adventure-idle/index.html
1744867946-194	https://www.crazygames.com/c/clicker/2?sorting=default	Race Clicker: Drift Max	https://imgs.crazygames.com/race-clicker-drift-max_16x9/20240923051803/race-clicker-drift-max_16x9-cover?metadata=none&quality=85&width=273&fit=crop	Race Clicker: Drift Max	https://games.crazygames.com/en_US/race-clicker-drift-max/index.html
1744867946-195	https://www.crazygames.com/c/clicker/2?sorting=default	Block Blast 3D	https://imgs.crazygames.com/block-blast-3d_16x9/20240925115732/block-blast-3d_16x9-cover?metadata=none&quality=85&width=273&fit=crop	Block Blast 3D	https://games.crazygames.com/en_US/block-blast-3d/index.html
1744867946-196	https://www.crazygames.com/c/clicker/2?sorting=default	GrindCraft	https://imgs.crazygames.com/games/grindcraft/cover-1662723311926.png?metadata=none&quality=85&width=273&fit=crop	GrindCraft	https://games.crazygames.com/en_US/grindcraft/index.html
1744867946-197	https://www.crazygames.com/c/clicker/2?sorting=default	Angles	https://imgs.crazygames.com/games/angles/cover-1645265191030.png?metadata=none&quality=85&width=273&fit=crop	Angles	https://games.crazygames.com/en_US/angles/index.html
1744867946-198	https://www.crazygames.com/c/clicker/2?sorting=default	DualForce Idle	https://imgs.crazygames.com/dualforce-idle/20201217110101/dualforce-idle-cover?metadata=none&quality=85&width=273&fit=crop	DualForce Idle	https://games.crazygames.com/en_US/dualforce-idle/index.html
1744867946-199	https://www.crazygames.com/c/clicker/2?sorting=default	Cosmic Miners	https://imgs.crazygames.com/games/cosmic-miners/cover_16x9-1693302599371.jpg?metadata=none&quality=85&width=273&fit=crop	Cosmic Miners	https://games.crazygames.com/en_US/cosmic-miners/index.html
1744867946-200	https://www.crazygames.com/c/clicker/2?sorting=default	LandLord - Real Estate Tycoon	https://imgs.crazygames.com/landlord---real-estate-tycoon_16x9/20241227072608/landlord---real-estate-tycoon_16x9-cover?metadata=none&quality=85&width=273&fit=crop	LandLord - Real Estate Tycoon	https://games.crazygames.com/en_US/landlord---real-estate-tycoon/index.html
1744867946-201	https://www.crazygames.com/c/clicker/2?sorting=default	Evolve	https://imgs.crazygames.com/games/evolve/cover-1605626847018.png?metadata=none&quality=85&width=273&fit=crop	Evolve	https://games.crazygames.com/en_US/evolve/index.html
1744867946-202	https://www.crazygames.com/c/clicker/2?sorting=default	MineMerge	https://imgs.crazygames.com/minemerge/20220509172039/minemerge-cover?metadata=none&quality=85&width=273&fit=crop	MineMerge	https://games.crazygames.com/en_US/minemerge/index.html
1744867946-203	https://www.crazygames.com/c/clicker/2?sorting=default	Idle Crafting Empire Tycoon	https://imgs.crazygames.com/idle-crafting-empire-tycoon_16x9/20250212032450/idle-crafting-empire-tycoon_16x9-cover?metadata=none&quality=85&width=273&fit=crop	Idle Crafting Empire Tycoon	https://games.crazygames.com/en_US/idle-crafting-empire-tycoon/index.html
1744867946-204	https://www.crazygames.com/c/clicker/2?sorting=default	Block Destroyer	https://imgs.crazygames.com/block-destroyer_16x9/20240506090635/block-destroyer_16x9-cover?metadata=none&quality=85&width=273&fit=crop	Block Destroyer	https://games.crazygames.com/en_US/block-destroyer/index.html
1744867946-205	https://www.crazygames.com/c/clicker/2?sorting=default	Pendulum Master	https://imgs.crazygames.com/pendulum-master_16x9/20240405105851/pendulum-master_16x9-cover?metadata=none&quality=85&width=273&fit=crop	Pendulum Master	https://games.crazygames.com/en_US/pendulum-master/index.html
1744867946-206	https://www.crazygames.com/c/clicker/2?sorting=default	Pixel Smashers	https://imgs.crazygames.com/pixel-smashers_16x9/20241003092336/pixel-smashers_16x9-cover?metadata=none&quality=85&width=273&fit=crop	Pixel Smashers	https://games.crazygames.com/en_US/pixel-smashers/index.html
1744867946-207	https://www.crazygames.com/c/clicker/2?sorting=default	My Chicken Farm	https://imgs.crazygames.com/my-chicken-farm/20221123132507/my-chicken-farm-cover?metadata=none&quality=85&width=273&fit=crop	My Chicken Farm	https://games.crazygames.com/en_US/my-chicken-farm/index.html
1744867946-208	https://www.crazygames.com/c/clicker/2?sorting=default	Backpack Idle	https://imgs.crazygames.com/backpack-idle_16x9/20240502023035/backpack-idle_16x9-cover?metadata=none&quality=85&width=273&fit=crop	Backpack Idle	https://games.crazygames.com/en_US/backpack-idle/index.html
1744867946-209	https://www.crazygames.com/c/clicker/2?sorting=default	Garden Idle	https://imgs.crazygames.com/garden-idle/20230113111339/garden-idle-cover?metadata=none&quality=85&width=273&fit=crop	Garden Idle	https://games.crazygames.com/en_US/garden-idle/index.html
1744867946-210	https://www.crazygames.com/c/clicker/2?sorting=default	Idle Gun 2	https://imgs.crazygames.com/idle-gun-2/20230316123140/idle-gun-2-cover?metadata=none&quality=85&width=273&fit=crop	Idle Gun 2	https://games.crazygames.com/en_US/idle-gun-2/index.html
1744867946-211	https://www.crazygames.com/c/clicker/2?sorting=default	Maxwell Clicker	https://imgs.crazygames.com/maxwell-clicker/20230324074026/maxwell-clicker-cover?metadata=none&quality=85&width=273&fit=crop	Maxwell Clicker	https://games.crazygames.com/en_US/maxwell-clicker/index.html
1744867946-212	https://www.crazygames.com/c/clicker/2?sorting=default	Fantasy Idle Tycoon 2	https://imgs.crazygames.com/fantasy-idle-tycoon-2_16x9/20240916042409/fantasy-idle-tycoon-2_16x9-cover?metadata=none&quality=85&width=273&fit=crop	Fantasy Idle Tycoon 2	https://games.crazygames.com/en_US/fantasy-idle-tycoon-2/index.html
1744867946-213	https://www.crazygames.com/c/clicker/2?sorting=default	Rocket Launch	https://imgs.crazygames.com/rocket-launch_16x9/20240726030034/rocket-launch_16x9-cover?metadata=none&quality=85&width=273&fit=crop	Rocket Launch	https://games.crazygames.com/en_US/rocket-launch/index.html
1744867946-214	https://www.crazygames.com/c/clicker/2?sorting=default	Merging Gears	https://imgs.crazygames.com/merging-gears/20230412132722/merging-gears-cover?metadata=none&quality=85&width=273&fit=crop	Merging Gears	https://games.crazygames.com/en_US/merging-gears/index.html
1744867946-215	https://www.crazygames.com/c/clicker/2?sorting=default	Crash Test Idle	https://imgs.crazygames.com/crash-test-idle/20230106121556/crash-test-idle-cover?metadata=none&quality=85&width=273&fit=crop	Crash Test Idle	https://games.crazygames.com/en_US/crash-test-idle/index.html
1744867946-216	https://www.crazygames.com/c/clicker/2?sorting=default	Alchemy Merge Clicker	https://imgs.crazygames.com/alchemy-merge-clicker_16x9/20240704043842/alchemy-merge-clicker_16x9-cover?metadata=none&quality=85&width=273&fit=crop	Alchemy Merge Clicker	https://games.crazygames.com/en_US/alchemy-merge-clicker/index.html
1744867946-217	https://www.crazygames.com/c/clicker/2?sorting=default	Blogger Clicker	https://imgs.crazygames.com/blogger-clicker_16x9/20240819041455/blogger-clicker_16x9-cover?metadata=none&quality=85&width=273&fit=crop	Blogger Clicker	https://games.crazygames.com/en_US/blogger-clicker/index.html
1744867946-218	https://www.crazygames.com/c/clicker/2?sorting=default	Dragon Hunter	https://imgs.crazygames.com/let-s-journey_16x9/20241107081909/let-s-journey_16x9-cover?metadata=none&quality=85&width=273&fit=crop	Dragon Hunter	https://games.crazygames.com/en_US/let-s-journey/index.html
1744867946-219	https://www.crazygames.com/c/clicker/2?sorting=default	MergeMine Idle	https://imgs.crazygames.com/mergemine-idle/20230217185751/mergemine-idle-cover?metadata=none&quality=85&width=273&fit=crop	MergeMine Idle	https://games.crazygames.com/en_US/mergemine-idle/index.html
1744867946-220	https://www.crazygames.com/c/clicker/2?sorting=default	Racer Clicker	https://imgs.crazygames.com/racer-clicker_16x9/20241025075403/racer-clicker_16x9-cover?metadata=none&quality=85&width=273&fit=crop	Racer Clicker	https://games.crazygames.com/en_US/racer-clicker/index.html
1744867946-221	https://www.crazygames.com/c/clicker/2?sorting=default	Construction Idle	https://imgs.crazygames.com/construction-idle/20221107120414/construction-idle-cover?metadata=none&quality=85&width=273&fit=crop	Construction Idle	https://games.crazygames.com/en_US/construction-idle/index.html
